{
  "metadata": {
    "timestamp": "20260425_192656",
    "policies": [
      "heuristic",
      "llm"
    ],
    "tasks": [
      "hard_multi"
    ],
    "seeds": [
      102
    ]
  },
  "summary": {
    "hard_multi|heuristic": {
      "grader_mean": 0.6228,
      "reward_mean": -2.5909,
      "success_rate": 0.7,
      "adaptation": 0.6932,
      "n": 1
    },
    "hard_multi|llm": {
      "grader_mean": 0.707,
      "reward_mean": 6.0909,
      "success_rate": 0.8889,
      "adaptation": 0.9091,
      "n": 1
    }
  },
  "episodes": [
    {
      "task": "hard_multi",
      "seed": 102,
      "policy": "heuristic",
      "total_reward": -2.5909,
      "grader_score": 0.6228,
      "success_score": 0.7,
      "budget_score": 0.0818,
      "adaptation_score": 0.6932,
      "latency_score": 0.5593,
      "sla_score": 1.0,
      "success_rate": 0.7,
      "steps": 20,
      "actions": [
        "route_to_a",
        "route_to_a",
        "route_to_a",
        "route_to_a",
        "route_to_a",
        "route_to_a",
        "route_to_b",
        "route_to_b",
        "route_to_b",
        "route_to_b",
        "route_to_b",
        "route_to_b",
        "route_to_b",
        "route_to_b",
        "route_to_b",
        "route_to_c",
        "route_to_c",
        "route_to_c",
        "route_to_c",
        "route_to_c"
      ],
      "rewards": [
        0.9545454545454546,
        0.9545454545454546,
        -2.0454545454545454,
        -2.0454545454545454,
        0.9545454545454546,
        -2.0454545454545454,
        0.7727272727272727,
        0.7727272727272727,
        0.7727272727272727,
        0.7727272727272727,
        0.7727272727272727,
        -2.2272727272727275,
        0.7727272727272727,
        -2.2272727272727275,
        -2.2272727272727275,
        0.5454545454545454,
        0.5454545454545454,
        0.5454545454545454,
        0.5454545454545454,
        0.5454545454545454
      ]
    },
    {
      "task": "hard_multi",
      "seed": 102,
      "policy": "llm",
      "total_reward": 6.0909,
      "grader_score": 0.707,
      "success_score": 0.8,
      "budget_score": 0.0182,
      "adaptation_score": 0.9091,
      "latency_score": 0.6621,
      "sla_score": 1.0,
      "success_rate": 0.8889,
      "steps": 20,
      "actions": [
        "route_to_a",
        "route_to_a",
        "route_to_a",
        "route_to_b",
        "route_to_b",
        "route_to_b",
        "route_to_b",
        "route_to_b",
        "route_to_b",
        "route_to_b",
        "route_to_b",
        "route_to_b",
        "route_to_c",
        "route_to_c",
        "route_to_c",
        "route_to_c",
        "route_to_c",
        "route_to_c",
        "shed_load",
        "shed_load"
      ],
      "rewards": [
        0.9545454545454546,
        0.9545454545454546,
        -2.0454545454545454,
        0.7727272727272727,
        0.7727272727272727,
        0.7727272727272727,
        0.7727272727272727,
        0.7727272727272727,
        0.7727272727272727,
        0.7727272727272727,
        0.7727272727272727,
        -2.2272727272727275,
        0.5454545454545454,
        0.5454545454545454,
        0.5454545454545454,
        0.5454545454545454,
        0.5454545454545454,
        0.5454545454545454,
        -0.5,
        -0.5
      ]
    }
  ]
}