{
  "metadata": {
    "timestamp": "20260424_205300",
    "policies": [
      "heuristic",
      "llm"
    ],
    "tasks": [
      "hard_multi"
    ],
    "seeds": [
      100,
      101,
      102,
      103,
      104
    ]
  },
  "summary": {
    "hard_multi|heuristic": {
      "grader_mean": 0.6175,
      "reward_mean": -2.1399,
      "success_rate": 0.7108,
      "adaptation": 0.7001,
      "n": 5
    },
    "hard_multi|llm": {
      "grader_mean": 0.5399,
      "reward_mean": -5.6126,
      "success_rate": 0.7384,
      "adaptation": 0.7296,
      "n": 5
    }
  },
  "episodes": [
    {
      "task": "hard_multi",
      "seed": 100,
      "policy": "heuristic",
      "total_reward": -7.0629,
      "grader_score": 0.5459,
      "success_score": 0.6,
      "budget_score": 0.0909,
      "adaptation_score": 0.6111,
      "latency_score": 0.4399,
      "sla_score": 0.9474,
      "success_rate": 0.6316,
      "steps": 20,
      "actions": [
        "route_to_a",
        "route_to_a",
        "route_to_a",
        "route_to_a",
        "route_to_a",
        "route_to_b",
        "route_to_b",
        "route_to_b",
        "route_to_b",
        "route_to_b",
        "route_to_b",
        "route_to_b",
        "route_to_b",
        "route_to_b",
        "route_to_c",
        "route_to_c",
        "route_to_c",
        "route_to_c",
        "route_to_c",
        "shed_load"
      ],
      "rewards": [
        0.9545454545454546,
        -2.0454545454545454,
        0.9545454545454546,
        -2.0454545454545454,
        -2.0454545454545454,
        0.7727272727272727,
        -2.2272727272727275,
        0.7727272727272727,
        0.7727272727272727,
        0.7727272727272727,
        -2.2272727272727275,
        0.7727272727272727,
        -2.2272727272727275,
        -2.2447259319640143,
        0.5454545454545454,
        0.5454545454545454,
        0.5454545454545454,
        0.5454545454545454,
        0.5454545454545454,
        -0.5
      ]
    },
    {
      "task": "hard_multi",
      "seed": 101,
      "policy": "heuristic",
      "total_reward": 3.4091,
      "grader_score": 0.6753,
      "success_score": 0.8,
      "budget_score": 0.0818,
      "adaptation_score": 0.7857,
      "latency_score": 0.5795,
      "sla_score": 1.0,
      "success_rate": 0.8,
      "steps": 20,
      "actions": [
        "route_to_a",
        "route_to_b",
        "route_to_b",
        "route_to_b",
        "route_to_b",
        "route_to_b",
        "route_to_b",
        "route_to_b",
        "route_to_b",
        "route_to_b",
        "route_to_b",
        "route_to_b",
        "route_to_b",
        "route_to_b",
        "route_to_b",
        "route_to_b",
        "route_to_b",
        "route_to_b",
        "route_to_b",
        "route_to_c"
      ],
      "rewards": [
        -2.0454545454545454,
        0.7727272727272727,
        0.7727272727272727,
        0.7727272727272727,
        0.7727272727272727,
        0.7727272727272727,
        0.7727272727272727,
        0.7727272727272727,
        0.7727272727272727,
        0.7727272727272727,
        0.7727272727272727,
        0.7727272727272727,
        0.7727272727272727,
        0.7727272727272727,
        -2.2272727272727275,
        0.7727272727272727,
        -2.2272727272727275,
        0.7727272727272727,
        -2.2272727272727275,
        0.5454545454545454
      ]
    },
    {
      "task": "hard_multi",
      "seed": 102,
      "policy": "heuristic",
      "total_reward": -2.5909,
      "grader_score": 0.6228,
      "success_score": 0.7,
      "budget_score": 0.0818,
      "adaptation_score": 0.6932,
      "latency_score": 0.5593,
      "sla_score": 1.0,
      "success_rate": 0.7,
      "steps": 20,
      "actions": [
        "route_to_a",
        "route_to_a",
        "route_to_a",
        "route_to_a",
        "route_to_a",
        "route_to_a",
        "route_to_b",
        "route_to_b",
        "route_to_b",
        "route_to_b",
        "route_to_b",
        "route_to_b",
        "route_to_b",
        "route_to_b",
        "route_to_b",
        "route_to_c",
        "route_to_c",
        "route_to_c",
        "route_to_c",
        "route_to_c"
      ],
      "rewards": [
        0.9545454545454546,
        0.9545454545454546,
        -2.0454545454545454,
        -2.0454545454545454,
        0.9545454545454546,
        -2.0454545454545454,
        0.7727272727272727,
        0.7727272727272727,
        0.7727272727272727,
        0.7727272727272727,
        0.7727272727272727,
        -2.2272727272727275,
        0.7727272727272727,
        -2.2272727272727275,
        -2.2272727272727275,
        0.5454545454545454,
        0.5454545454545454,
        0.5454545454545454,
        0.5454545454545454,
        0.5454545454545454
      ]
    },
    {
      "task": "hard_multi",
      "seed": 103,
      "policy": "heuristic",
      "total_reward": -2.8182,
      "grader_score": 0.6003,
      "success_score": 0.65,
      "budget_score": 0.0364,
      "adaptation_score": 0.75,
      "latency_score": 0.4991,
      "sla_score": 1.0,
      "success_rate": 0.7222,
      "steps": 20,
      "actions": [
        "route_to_a",
        "route_to_b",
        "route_to_b",
        "route_to_b",
        "route_to_b",
        "route_to_b",
        "route_to_b",
        "route_to_b",
        "route_to_b",
        "route_to_b",
        "route_to_b",
        "route_to_b",
        "route_to_b",
        "route_to_b",
        "route_to_c",
        "route_to_c",
        "route_to_c",
        "route_to_c",
        "shed_load",
        "shed_load"
      ],
      "rewards": [
        -2.0454545454545454,
        0.7727272727272727,
        0.7727272727272727,
        0.7727272727272727,
        0.7727272727272727,
        -2.2272727272727275,
        0.7727272727272727,
        0.7727272727272727,
        0.7727272727272727,
        0.7727272727272727,
        -2.2272727272727275,
        -2.2272727272727275,
        0.7727272727272727,
        -2.2272727272727275,
        0.5454545454545454,
        0.5454545454545454,
        0.5454545454545454,
        0.5454545454545454,
        -0.5,
        -0.5
      ]
    },
    {
      "task": "hard_multi",
      "seed": 104,
      "policy": "heuristic",
      "total_reward": -1.6364,
      "grader_score": 0.6432,
      "success_score": 0.7,
      "budget_score": 0.2727,
      "adaptation_score": 0.6607,
      "latency_score": 0.5509,
      "sla_score": 1.0,
      "success_rate": 0.7,
      "steps": 20,
      "actions": [
        "route_to_a",
        "route_to_a",
        "route_to_a",
        "route_to_a",
        "route_to_a",
        "route_to_b",
        "route_to_b",
        "route_to_b",
        "route_to_b",
        "route_to_b",
        "route_to_b",
        "route_to_b",
        "route_to_b",
        "route_to_b",
        "route_to_b",
        "route_to_b",
        "route_to_b",
        "route_to_b",
        "route_to_b",
        "route_to_b"
      ],
      "rewards": [
        0.9545454545454546,
        -2.0454545454545454,
        0.9545454545454546,
        -2.0454545454545454,
        -2.0454545454545454,
        0.7727272727272727,
        0.7727272727272727,
        0.7727272727272727,
        0.7727272727272727,
        0.7727272727272727,
        0.7727272727272727,
        0.7727272727272727,
        0.7727272727272727,
        -2.2272727272727275,
        0.7727272727272727,
        0.7727272727272727,
        0.7727272727272727,
        -2.2272727272727275,
        0.7727272727272727,
        -2.2272727272727275
      ]
    },
    {
      "task": "hard_multi",
      "seed": 100,
      "policy": "llm",
      "total_reward": -16.5629,
      "grader_score": 0.3987,
      "success_score": 0.6,
      "budget_score": 0.0,
      "adaptation_score": 0.5778,
      "latency_score": 0.4679,
      "sla_score": 0.95,
      "success_rate": 0.6,
      "steps": 20,