{
  "metadata": {
    "timestamp": "20260425_143711",
    "policies": [
      "heuristic",
      "llm"
    ],
    "tasks": [
      "hard_multi"
    ],
    "seeds": [
      0,
      1,
      2,
      3,
      4
    ]
  },
  "summary": {
    "hard_multi|heuristic": {
      "grader_mean": 0.6007,
      "reward_mean": -3.0638,
      "success_rate": 0.6937,
      "adaptation": 0.6536,
      "n": 5
    },
    "hard_multi|llm": {
      "grader_mean": 0.6935,
      "reward_mean": 5.6091,
      "success_rate": 0.8846,
      "adaptation": 0.8744,
      "n": 5
    }
  },
  "episodes": [
    {
      "task": "hard_multi",
      "seed": 0,
      "policy": "heuristic",
      "total_reward": -4.4659,
      "grader_score": 0.5569,
      "success_score": 0.65,
      "budget_score": 0.0364,
      "adaptation_score": 0.6032,
      "latency_score": 0.4686,
      "sla_score": 0.9474,
      "success_rate": 0.6842,
      "steps": 20,
      "actions": [
        "route_to_a",
        "route_to_a",
        "route_to_a",
        "route_to_a",
        "route_to_a",
        "route_to_a",
        "route_to_b",
        "route_to_b",
        "route_to_b",
        "route_to_b",
        "route_to_b",
        "route_to_b",
        "route_to_c",
        "route_to_c",
        "route_to_c",
        "route_to_c",
        "route_to_c",
        "route_to_c",
        "route_to_c",
        "shed_load"
      ],
      "rewards": [
        0.9545454545454546,
        0.9545454545454546,
        0.9545454545454546,
        -2.0454545454545454,
        -2.0454545454545454,
        -2.0454545454545454,
        0.7727272727272727,
        0.7727272727272727,
        0.7727272727272727,
        -2.2272727272727275,
        -2.2272727272727275,
        -2.3750364951788474,
        0.5454545454545454,
        0.5454545454545454,
        0.5454545454545454,
        0.5454545454545454,
        0.5454545454545454,
        0.5454545454545454,
        0.5454545454545454,
        -0.5
      ]
    },
    {
      "task": "hard_multi",
      "seed": 1,
      "policy": "heuristic",
      "total_reward": -2.7727,
      "grader_score": 0.6077,
      "success_score": 0.7,
      "budget_score": 0.0455,
      "adaptation_score": 0.6833,
      "latency_score": 0.5213,
      "sla_score": 1.0,
      "success_rate": 0.7,
      "steps": 20,
      "actions": [
        "route_to_a",
        "route_to_a",
        "route_to_a",
        "route_to_a",
        "route_to_a",
        "route_to_b",
        "route_to_b",
        "route_to_b",
        "route_to_b",
        "route_to_b",
        "route_to_b",
        "route_to_b",
        "route_to_b",
        "route_to_b",
        "route_to_b",
        "route_to_c",
        "route_to_c",
        "route_to_c",
        "route_to_c",
        "route_to_c"
      ],
      "rewards": [
        0.9545454545454546,
        -2.0454545454545454,
        0.9545454545454546,
        -2.0454545454545454,
        -2.0454545454545454,
        0.7727272727272727,
        0.7727272727272727,
        0.7727272727272727,
        0.7727272727272727,
        0.7727272727272727,
        0.7727272727272727,
        0.7727272727272727,
        -2.2272727272727275,
        -2.2272727272727275,
        -2.2272727272727275,
        0.5454545454545454,
        0.5454545454545454,
        0.5454545454545454,
        0.5454545454545454,
        0.5454545454545454
      ]
    },
    {
      "task": "hard_multi",
      "seed": 2,
      "policy": "heuristic",
      "total_reward": -2.0,
      "grader_score": 0.6165,
      "success_score": 0.7,
      "budget_score": 0.2,
      "adaptation_score": 0.6357,
      "latency_score": 0.4967,
      "sla_score": 1.0,
      "success_rate": 0.7,
      "steps": 20,
      "actions": [
        "route_to_a",
        "route_to_a",
        "route_to_a",
        "route_to_a",
        "route_to_a",
        "route_to_a",
        "route_to_a",
        "route_to_a",
        "route_to_b",
        "route_to_b",
        "route_to_b",
        "route_to_b",
        "route_to_b",
        "route_to_b",
        "route_to_b",
        "route_to_b",
        "route_to_c",
        "route_to_c",
        "route_to_c",
        "route_to_c"
      ],
      "rewards": [
        0.9545454545454546,
        0.9545454545454546,
        0.9545454545454546,
        0.9545454545454546,
        -2.0454545454545454,
        -2.0454545454545454,
        0.9545454545454546,
        -2.0454545454545454,
        0.7727272727272727,
        0.7727272727272727,
        0.7727272727272727,
        0.7727272727272727,
        0.7727272727272727,
        -2.2272727272727275,
        -2.2272727272727275,
        -2.2272727272727275,
        0.5454545454545454,
        0.5454545454545454,
        0.5454545454545454,
        0.5454545454545454
      ]
    },
    {
      "task": "hard_multi",
      "seed": 3,
      "policy": "heuristic",
      "total_reward": -1.9895,
      "grader_score": 0.6289,
      "success_score": 0.7,
      "budget_score": 0.2091,
      "adaptation_score": 0.6833,
      "latency_score": 0.5416,
      "sla_score": 0.95,
      "success_rate": 0.7,
      "steps": 20,
      "actions": [
        "route_to_a",
        "route_to_a",
        "route_to_a",
        "route_to_a",
        "route_to_a",
        "route_to_a",
        "route_to_a",
        "route_to_b",
        "route_to_b",
        "route_to_b",
        "route_to_b",
        "route_to_b",
        "route_to_b",
        "route_to_b",
        "route_to_b",
        "route_to_b",
        "route_to_b",
        "route_to_c",
        "route_to_c",
        "route_to_c"
      ],
      "rewards": [
        0.9545454545454546,
        0.9545454545454546,
        0.9545454545454546,
        -2.0454545454545454,
        0.9545454545454546,
        -2.0454545454545454,
        -2.0454545454545454,
        0.7727272727272727,
        0.7727272727272727,
        0.7727272727272727,
        0.7727272727272727,
        0.7727272727272727,
        0.7727272727272727,
        0.7727272727272727,
        -2.2272727272727275,
        -2.262190038025986,
        -2.2272727272727275,
        0.5454545454545454,
        0.5454545454545454,
        0.5454545454545454
      ]
    },
    {
      "task": "hard_multi",
      "seed": 4,
      "policy": "heuristic",
      "total_reward": -4.0909,
      "grader_score": 0.5933,
      "success_score": 0.65,
      "budget_score": 0.0818,
      "adaptation_score": 0.6625,
      "latency_score": 0.5175,
      "sla_score": 1.0,
      "success_rate": 0.6842,
      "steps": 20,
      "actions": [
        "route_to_a",
        "route_to_a",
        "route_to_a",
        "route_to_a",
        "route_to_a",
        "route_to_a",
        "route_to_b",
        "route_to_b",
        "route_to_b",
        "route_to_b",
        "route_to_b",
        "route_to_b",
        "route_to_b",
        "route_to_c",
        "route_to_c",
        "route_to_c",
        "route_to_c",
        "route_to_c",
        "route_to_c",
        "shed_load"
      ],
      "rewards": [
        0.9545454545454546,
        -2.0454545454545454,
        0.9545454545454546,
        0.9545454545454546,
        -2.0454545454545454,
        -2.0454545454545454,
        0.7727272727272727,
        0.7727272727272727,
        0.7727272727272727,
        -2.2272727272727275,
        0.7727272727272727,
        -2.2272727272727275,
        -2.2272727272727275,
        0.5454545454545454,
        0.5454545454545454,
        0.5454545454545454,
        0.5454545454545454,
        0.5454545454545454,
        0.5454545454545454,
        -0.5
      ]
    },
    {
      "task": "hard_multi",
      "seed": 0,
      "policy": "llm",
      "total_reward": 4.7727,
      "grader_score": 0.6818,
      "success_score": 0.75,
      "budget_score": 0.0545,
      "adaptation_score": 0.8571,
      "latency_score": 0.6358,
      "sla_score": 1.0,
      "success_rate": 0.8824,
      "steps": 20,