{
  "metadata": {
    "timestamp": "20260408_105938",
    "policies": [
      "heuristic",
      "llm"
    ],
    "tasks": [
      "hard_multi"
    ],
    "seeds": [
      100,
      101,
      102,
      103,
      104
    ]
  },
  "summary": {
    "hard_multi|heuristic": {
      "grader_mean": 0.6285,
      "reward_mean": -1.2513,
      "success_rate": 0.7368,
      "adaptation": 0.765,
      "n": 5
    },
    "hard_multi|llm": {
      "grader_mean": 0.6732,
      "reward_mean": -3.9,
      "success_rate": 0.8246,
      "adaptation": 0.852,
      "n": 5
    }
  },
  "episodes": [
    {
      "task": "hard_multi",
      "seed": 100,
      "policy": "heuristic",
      "total_reward": -5.5909,
      "grader_score": 0.5947,
      "success_score": 0.6,
      "budget_score": 0.0818,
      "adaptation_score": 0.7014,
      "latency_score": 0.5608,
      "sla_score": 1.0,
      "success_rate": 0.6667,
      "steps": 20,
      "actions": [
        "route_to_a",
        "route_to_b",
        "route_to_b",
        "route_to_b",
        "route_to_b",
        "route_to_b",
        "route_to_b",
        "route_to_b",
        "route_to_b",
        "route_to_b",
        "route_to_b",
        "route_to_b",
        "route_to_b",
        "route_to_b",
        "route_to_b",
        "route_to_c",
        "route_to_c",
        "route_to_c",
        "shed_load",
        "shed_load"
      ],
      "rewards": [
        -2.0454545454545454,
        0.7727272727272727,
        0.7727272727272727,
        -2.2272727272727275,
        0.7727272727272727,
        0.7727272727272727,
        0.7727272727272727,
        -2.2272727272727275,
        0.7727272727272727,
        0.7727272727272727,
        0.7727272727272727,
        0.7727272727272727,
        -2.2272727272727275,
        -2.2272727272727275,
        -2.2272727272727275,
        0.5454545454545454,
        0.5454545454545454,
        0.5454545454545454,
        -0.5,
        -0.5
      ]
    },
    {
      "task": "hard_multi",
      "seed": 101,
      "policy": "heuristic",
      "total_reward": 0.1553,
      "grader_score": 0.637,
      "success_score": 0.75,
      "budget_score": 0.0364,
      "adaptation_score": 0.7944,
      "latency_score": 0.526,
      "sla_score": 0.95,
      "success_rate": 0.75,
      "steps": 20,
      "actions": [
        "route_to_a",
        "route_to_b",
        "route_to_b",
        "route_to_b",
        "route_to_b",
        "route_to_b",
        "route_to_b",
        "route_to_b",
        "route_to_b",
        "route_to_b",
        "route_to_b",
        "route_to_b",
        "route_to_b",
        "route_to_b",
        "route_to_b",
        "route_to_b",
        "route_to_b",
        "route_to_b",
        "route_to_c",
        "route_to_c"
      ],
      "rewards": [
        -2.0454545454545454,
        0.7727272727272727,
        0.7727272727272727,
        -2.2272727272727275,
        0.7727272727272727,
        0.7727272727272727,
        0.7727272727272727,
        0.7727272727272727,
        0.7727272727272727,
        0.7727272727272727,
        0.7727272727272727,
        0.7727272727272727,
        0.7727272727272727,
        0.7727272727272727,
        -2.2272727272727275,
        -2.2272727272727275,
        0.7727272727272727,
        -2.2537758197481086,
        0.5454545454545454,
        0.5454545454545454
      ]
    },
    {
      "task": "hard_multi",
      "seed": 102,
      "policy": "heuristic",
      "total_reward": -2.5909,
      "grader_score": 0.6186,
      "success_score": 0.7,
      "budget_score": 0.0818,
      "adaptation_score": 0.6833,
      "latency_score": 0.5485,
      "sla_score": 1.0,
      "success_rate": 0.7,
      "steps": 20,
      "actions": [
        "route_to_a",
        "route_to_a",
        "route_to_a",
        "route_to_a",
        "route_to_a",
        "route_to_a",
        "route_to_b",
        "route_to_b",
        "route_to_b",
        "route_to_b",
        "route_to_b",
        "route_to_b",
        "route_to_b",
        "route_to_b",
        "route_to_b",
        "route_to_c",
        "route_to_c",
        "route_to_c",
        "route_to_c",
        "route_to_c"
      ],
      "rewards": [
        0.9545454545454546,
        0.9545454545454546,
        0.9545454545454546,
        -2.0454545454545454,
        -2.0454545454545454,
        -2.0454545454545454,
        0.7727272727272727,
        0.7727272727272727,
        0.7727272727272727,
        0.7727272727272727,
        0.7727272727272727,
        0.7727272727272727,
        -2.2272727272727275,
        -2.2272727272727275,
        -2.2272727272727275,
        0.5454545454545454,
        0.5454545454545454,
        0.5454545454545454,
        0.5454545454545454,
        0.5454545454545454
      ]
    },
    {
      "task": "hard_multi",
      "seed": 103,
      "policy": "heuristic",
      "total_reward": 1.5881,
      "grader_score": 0.6558,
      "success_score": 0.75,
      "budget_score": 0.0364,
      "adaptation_score": 0.8333,
      "latency_score": 0.5827,
      "sla_score": 0.9474,
      "success_rate": 0.7895,
      "steps": 20,
      "actions": [
        "route_to_a",
        "route_to_b",
        "route_to_b",
        "route_to_b",
        "route_to_b",
        "route_to_b",
        "route_to_b",
        "route_to_b",
        "route_to_b",
        "route_to_b",
        "route_to_b",
        "route_to_b",
        "route_to_b",
        "route_to_b",
        "route_to_b",
        "route_to_b",
        "route_to_c",
        "route_to_c",
        "route_to_c",
        "shed_load"
      ],
      "rewards": [
        -2.0454545454545454,
        0.7727272727272727,
        0.7727272727272727,
        0.7727272727272727,
        0.7727272727272727,
        0.7727272727272727,
        0.7727272727272727,
        0.7727272727272727,
        0.7727272727272727,
        0.7727272727272727,
        0.7727272727272727,
        -2.2272727272727275,
        0.7727272727272727,
        0.7727272727272727,
        -2.2272727272727275,
        -2.320955039130961,
        0.5454545454545454,
        0.5454545454545454,
        0.5454545454545454,
        -0.5
      ]
    },
    {
      "task": "hard_multi",
      "seed": 104,
      "policy": "heuristic",
      "total_reward": 0.1818,
      "grader_score": 0.6362,
      "success_score": 0.7,
      "budget_score": 0.0364,
      "adaptation_score": 0.8125,
      "latency_score": 0.5412,
      "sla_score": 1.0,
      "success_rate": 0.7778,
      "steps": 20,
      "actions": [
        "route_to_a",
        "route_to_b",
        "route_to_b",
        "route_to_b",
        "route_to_b",
        "route_to_b",
        "route_to_b",
        "route_to_b",
        "route_to_b",
        "route_to_b",
        "route_to_b",
        "route_to_b",
        "route_to_b",
        "route_to_b",
        "route_to_c",
        "route_to_c",
        "route_to_c",
        "route_to_c",
        "shed_load",
        "shed_load"
      ],
      "rewards": [
        -2.0454545454545454,
        0.7727272727272727,
        0.7727272727272727,
        0.7727272727272727,
        0.7727272727272727,
        0.7727272727272727,
        0.7727272727272727,
        0.7727272727272727,
        0.7727272727272727,
        0.7727272727272727,
        -2.2272727272727275,
        0.7727272727272727,
        -2.2272727272727275,
        -2.2272727272727275,
        0.5454545454545454,
        0.5454545454545454,
        0.5454545454545454,
        0.5454545454545454,
        -0.5,
        -0.5
      ]
    },
    {
      "task": "hard_multi",
      "seed": 100,
      "policy": "llm",
      "total_reward": -8.8182,
      "grader_score": 0.648,
      "success_score": 0.6875,
      "budget_score": 0.0,
      "adaptation_score": 0.8194,
      "latency_score": 0.6393,
      "sla_score": 1.0,
      "success_rate": 0.7857,
      "steps": 16,